M1,M2,M3,M4,M5,M6,M7,M8,M9
0.0,1.7282037,-1.2328705,0.7838975,1.1416004,1.2709976,1.8847315,0.0,-1.3412751
0.0,1.1781515,0.85296977,0.846025,-0.2558598,1.385267,1.4660901,0.0,1.3776164
0.0,1.5375693,-1.4050282,1.0917335,1.325127,1.1973555,-1.2758288,0.0,-0.19223651
0.0,-0.8174186,-0.9426422,0.21870339,-0.11138354,0.1378327,-1.5991791,0.0,-2.1202772
0.0,-1.1389997,-1.278144,-0.32979485,0.49296156,0.7875206,-0.23848669,0.0,-1.5771768
0.0,-0.45289522,-1.219288,-0.35681024,-0.7128544,0.69909954,-1.3224686,0.0,-1.5689775
0.0,-1.1492219,0.7044785,0.83956105,-1.1462615,1.5513779,1.4534457,0.0,1.4351472
0.0,-1.541048,0.5901382,-1.0634612,-1.2988627,0.726462,0.1590876,0.0,-1.640781
0.0,1.5001227,0.95293796,0.74321103,-0.16041216,0.47377092,1.5841844,0.0,1.2983528
0.0,0.024993941,-1.2926743,-0.41920787,1.175464,-1.4181987,-1.2892722,0.0,-1.8202072
0.0,-1.1373332,0.6010803,-1.0445163,-1.3006704,-1.9275962,-1.3837813,0.0,1.8002706
0.0,-0.54184854,-1.3542887,-0.17519452,-1.1662636,-0.42418718,1.3812137,0.0,-1.6507226
0.0,1.8406224,-1.3731364,0.903244,0.4978558,1.4965011,1.4073485,0.0,-1.3910306
0.0,1.1947345,0.8098028,0.7903035,-1.5393637,1.2663021,1.3214977,0.0,1.3575692
0.0,1.4150974,0.38117865,-0.076426834,-1.6153424,1.4561782,0.8511481,0.0,1.5675445
0.0,1.5521035,0.95121896,-0.0749682,0.67506653,1.0488169,0.6857028,0.0,1.65468
0.0,-0.1994486,-1.120506,-0.35734525,-1.8189068,0.65453684,-0.9323741,0.0,-0.63093096
0.0,-0.9631167,-0.8186408,-0.7650041,-1.049604,-1.2470069,-1.1795514,0.0,-1.4439737
0.0,0.40306997,0.8917717,1.2491984,1.2191352,1.6164116,-0.66819215,0.0,-1.1753294
0.0,1.4018487,0.9219481,-0.078166805,1.2633966,1.1789721,-0.4281739,0.0,2.024026
0.0,0.04215756,1.0031198,0.87357074,0.20359275,1.4794269,-0.27848256,0.0,2.5170445
0.0,0.99384725,0.9247997,0.96009225,0.21113048,1.422843,0.46333304,0.0,1.8851943
0.0,0.83096397,-0.7149531,-0.1124902,-0.33702224,1.7113975,2.0193813,0.0,1.5330245
0.0,-0.19081809,-1.5566968,0.34809333,1.1373131,1.3000894,1.4217439,0.0,1.7810647
0.0,-0.93299145,-1.0709835,-0.29806414,-1.3489519,1.0667331,-0.34767914,0.0,-1.9006143
0.0,-0.008097544,-1.6993371,-0.12941276,-1.7270737,-0.012715945,-1.7257015,0.0,1.6681279
0.0,-1.2526089,0.4924555,-0.90932935,1.2243972,-0.044470236,1.719794,0.0,1.989478
0.0,-1.0769627,0.7024939,1.2676543,-1.1438453,-1.5849323,0.11529554,0.0,-1.8260059
0.0,0.82845217,-1.035778,-0.4136994,1.5188084,1.6845694,0.38761196,0.0,-1.0843732
0.0,-1.2865855,0.6661544,-0.9230042,-1.2731948,1.3478812,-0.834862,0.0,-2.0279388
0.0,0.75329405,0.9523381,1.3204657,1.4526939,-0.9454512,-1.0772239,0.0,2.1685057
0.0,-0.17436661,-0.74479365,-0.9860121,-0.61112,-1.1124749,-1.6483834,0.0,2.0620272
0.0,0.6197832,-1.1948063,-0.8289033,1.431447,-0.91766965,-1.2622848,0.0,-1.790311
0.0,0.7472871,0.8984264,1.4864305,1.4797187,-1.5526,-0.887374,0.0,2.0024464
0.0,-1.0612338,-0.8943197,-0.795139,-1.0611416,-1.6281244,0.16028264,0.0,-1.5643952
0.0,1.1389686,0.9740174,0.8247027,-0.096813455,1.4618315,-0.34197462,0.0,1.5973774
0.0,1.266581,0.8913479,0.8398315,1.1160223,1.293795,0.13951428,0.0,1.744754
0.0,-1.4914628,0.43365777,-0.9605209,1.2067597,-1.6866074,-0.29415476,0.0,-1.9171693
0.0,1.8447957,-1.2530887,-0.768799,-1.1861173,-1.317904,-0.884119,0.0,-1.3028663
0.0,0.8905974,-1.2977735,0.28290632,0.34535706,1.6174791,1.9286802,0.0,1.2139518
0.0,1.434734,0.84658,0.008172537,1.0234507,0.6689055,1.6440293,0.0,1.4176425
0.0,-1.2604617,0.5808991,0.8274746,1.2784033,0.77560806,1.5619384,0.0,1.0627382
0.0,0.2683336,1.1026125,1.0884557,-0.56361127,0.7689122,-0.08975196,0.0,2.324089
0.0,-1.0702746,-0.84454304,-0.90595883,0.08454506,0.65031767,-1.8022746,0.0,-0.33743018
0.0,-1.0731103,-1.0023831,-0.74146694,-1.325581,0.5403731,-0.76687294,0.0,-1.9035814
0.0,-1.1578946,0.554464,0.046809837,0.71059537,1.4711455,1.6119468,0.0,2.1176372
0.0,-1.0921727,0.674919,0.115181014,-0.50496954,1.661177,1.7484552,0.0,2.0041764
0.0,-0.8579028,-0.8444192,-0.5552751,-0.69483316,-1.2931648,-1.2404723,0.0,-1.533517
0.0,0.9118248,-1.1251131,-0.088463984,0.77528685,1.008033,2.1314685,0.0,0.8561438
0.0,-0.42303088,0.84494793,0.97363603,1.0891626,1.7048334,0.9131268,0.0,-2.0503345
0.0,1.3403963,-0.8865088,-0.8200927,0.9903509,1.6278039,0.009121897,0.0,1.4592509
0.0,1.4015949,0.76806724,-0.8754872,1.2161366,1.4961134,0.021016413,0.0,1.8115553
0.0,-0.57089823,-1.3386111,-0.40921098,-0.7833804,-1.6236672,-0.36040154,0.0,-1.5163406
0.0,-1.1348293,-1.0166061,-0.9291209,-0.619671,1.682854,1.4177101,0.0,-1.9181335
0.0,0.101217344,0.7945255,-0.925355,1.268582,-1.3206544,1.3342546,0.0,2.12047
0.0,0.9658137,0.9837774,-0.15167528,0.2564466,1.4518572,-0.85012555,0.0,2.269706
0.0,0.79989594,-0.96954584,-0.8970218,-1.0744771,1.0253288,-1.6468416,0.0,-1.3209537
0.0,-1.3354343,0.279053,-0.79871,-1.6136992,0.122939,-1.662188,0.0,-0.55372125
0.0,1.6380658,0.47236028,-0.68393266,0.2866192,0.7315247,1.0683212,0.0,1.563654
0.0,-1.294794,0.6725091,0.988462,1.3715096,1.5062612,0.3978791,0.0,0.7999576
0.0,1.5009121,-0.94975024,-0.17618945,1.5445043,0.572708,0.4548496,0.0,1.2908376
0.0,1.3161377,0.3907214,-0.69616824,1.0237406,1.4581454,1.5353737,0.0,1.4436121
0.0,-0.11432549,0.35785255,-0.76151717,0.611741,1.6334256,1.6750209,0.0,1.8679562
0.0,-0.78781503,0.710528,-0.34999737,-0.9578269,1.6232127,1.8586566,0.0,1.9353371
0.0,1.0049949,1.042856,1.2330017,-1.5035343,-1.1487477,0.88706625,0.0,1.7931277
0.0,1.0643697,1.0808308,1.0430679,0.16622148,0.25357875,-1.5852524,0.0,1.8912545
0.0,-0.1952839,-1.2077054,-0.244599,-1.718888,0.4652098,-1.7901087,0.0,-0.7998256
0.0,-1.2690367,0.64536786,1.1070898,-1.241261,1.3901212,-1.4011825,0.0,-1.7408801
0.0,1.4710639,0.7659143,-0.79181266,-0.28402075,1.4517167,1.8812027,0.0,1.0585355
0.0,0.8786938,-1.4846544,1.0977321,0.5505219,-1.1332678,-1.2598073,0.0,-1.8872827
0.0,1.9522661,-1.5603349,-0.43366444,-0.60949004,-1.5397713,-0.443464,0.0,-1.5832618
0.0,1.9094529,-1.41572,-0.45865506,-1.4116089,-1.6031084,-0.49998915,0.0,-0.83591986
0.0,-0.08911434,-1.4691352,0.7198376,-0.20106938,-0.50603473,-1.4993238,0.0,-1.8584907
0.0,-1.127414,-0.69174933,-1.0155026,0.90020555,1.4692279,-0.7321277,0.0,-2.264919
0.0,-0.45559436,-1.4614148,1.0581479,-0.67947817,-1.2101667,-0.9274,0.0,-1.8732866
0.0,1.7442584,-1.4414561,0.086290434,-1.2923619,-1.4446137,-1.1322807,0.0,-0.24495658
0.0,-0.9582513,0.8118726,1.1615654,1.3284765,1.3729972,-1.02008,0.0,0.6714641
0.0,1.3925987,0.7587508,-0.6028602,-1.3447481,0.9783943,1.8591628,0.0,1.4574339
0.0,-1.3549551,0.5008614,-1.0145533,1.1522143,1.6462463,1.9125363,0.0,-0.2978488
0.0,-1.1586468,0.5660188,1.1969117,1.1440756,-1.7478397,1.336291,0.0,1.917328
0.0,-0.77050775,0.91399825,1.3150897,0.00037308037,-1.3593683,0.754479,0.0,2.2522361
0.0,-1.121844,-0.9612685,-0.74903345,-1.0278304,-1.6125145,0.64877945,0.0,-1.5813576
0.0,-1.0102715,-0.94013834,1.200247,-1.092781,-1.1596401,-1.1017791,0.0,-1.6183434
0.0,-0.40163198,-1.1795708,-0.3043091,-0.89133763,-1.6216084,-1.4364463,0.0,0.22870477
0.0,-1.4537753,0.59426284,-0.95518965,0.35129032,-1.5107461,-1.2909051,0.0,-1.7820066
0.0,2.2455566,0.8368865,0.9651092,1.0824132,0.7855565,0.9847621,0.0,-1.6767621
0.0,-0.8104555,-1.0120848,-0.8405512,-0.7370243,-1.47974,-1.210119,0.0,-1.1005046
0.0,-0.021971643,-1.3321409,-0.46745372,1.3088976,-1.2918359,-1.3151754,0.0,-1.6133116
0.0,-0.3926157,-1.5024246,0.0031852946,-1.3380959,-0.5921003,-0.8764616,0.0,-0.66713935
0.0,0.04105743,0.97320044,1.1350847,-0.63041216,-1.2340982,1.4847084,0.0,2.148689
0.0,-1.4129794,0.28264043,-0.6778693,-1.6034032,0.10621136,-1.2032353,0.0,-1.3231562
0.0,1.24942,0.9386184,0.9151012,1.1208482,1.1383382,-0.52846193,0.0,1.8727177
0.0,0.3510062,0.9658376,1.0262228,1.2011279,1.3559626,-0.54940087,0.0,2.075993
0.0,-0.022298545,-1.525354,-0.6341562,-1.7860972,0.12511675,-1.5690597,0.0,1.3756977
0.0,-1.1981962,0.6946094,1.0122746,1.1465045,1.4813348,0.28895095,0.0,1.8995132
0.0,-0.5678991,0.3816602,-0.7934552,0.97421,1.6298459,1.6093087,0.0,1.8702579
0.0,1.2160677,0.83498657,0.7668658,-1.1331552,1.2524836,1.5871892,0.0,1.3040146
0.0,1.8028877,0.74440956,0.7255211,-1.3107046,1.3217621,1.9587228,0.0,-1.3019528
0.0,1.8486999,-1.2451909,-0.73956347,-1.2259542,-1.0882747,-1.387054,0.0,-1.0204202
0.0,0.5857687,-1.2606528,-0.46410877,-1.1877615,-1.3274668,-1.3030266,0.0,-1.373882
0.0,-0.52451473,-1.4026847,-0.3500553,0.11179522,-1.3332716,-1.2165905,0.0,-1.6311831
0.0,-1.1749649,0.6316488,-1.1027933,-1.3095009,-2.109518,0.030696614,0.0,1.8372577
0.0,-0.88819706,0.8169203,1.009825,1.3515167,1.3199719,-0.96911407,0.0,2.1103175
0.0,-1.4226661,0.6072663,-0.9990022,-0.5973973,-1.546889,-1.0761933,0.0,-1.6434103
0.0,-0.698665,-1.509356,0.07326289,-0.14879507,-1.6644092,0.81999457,0.0,-1.6730688
0.0,-0.6710208,-1.0743998,-0.25848144,-1.4746199,-1.63512,0.9354914,0.0,-0.7663864
0.0,0.8936732,-0.8852007,0.67838055,0.9945418,1.6049111,1.0228405,0.0,1.3083342
0.0,-1.2975516,-0.89501405,0.713134,-1.2135137,0.16689017,1.0133339,0.0,-1.9295032
0.0,0.42619938,0.88461053,1.5192935,1.5027819,-1.5307859,-1.1241133,0.0,1.9858329
0.0,0.08260687,0.7505481,-0.9259285,-1.5295559,1.5754715,-1.6259412,0.0,-1.2312466
0.0,-1.0522326,-0.70015,-0.9366424,-0.8990567,-1.2154092,-1.3241074,0.0,-0.4855417
0.0,-1.0717626,-0.9191024,1.1353335,1.2815828,-1.2793918,-0.994146,0.0,-2.0784194
0.0,2.2340672,0.8594949,-0.1556128,0.75608164,-1.1337931,2.051019,0.0,-0.056592476
0.0,-1.4398589,0.0036930144,-0.12138824,-1.2414585,-1.757185,2.0496833,0.0,-1.3014919
0.0,0.08166689,0.71234584,-0.97194976,1.1189373,1.1687275,1.6621345,0.0,1.8332847
0.0,0.21699715,0.8359746,-1.0648074,-1.5705503,-1.7949758,-1.4203478,0.0,1.705139
0.0,2.24072,0.89546466,1.0231142,0.07942745,-1.5883865,1.7611573,0.0,-1.0301297
0.0,1.8791636,-0.8838303,-0.1262282,0.2685795,0.96149164,2.388794,0.0,0.082755744
0.0,2.2645977,0.8774327,0.90677875,0.7003534,-1.5480045,1.8426038,0.0,-0.6591226
0.0,-1.0669339,-0.6882315,-0.55774695,0.56746435,-1.4929155,-0.8860347,0.0,-0.20057973
0.0,1.4657488,0.48477343,-0.7196204,0.59153396,1.4318159,1.8485079,0.0,1.2167934
0.0,0.9495903,0.8795352,-0.89705056,1.1693738,1.4202294,-1.4191992,0.0,2.1016665
0.0,-1.1179146,0.6250186,-0.94244987,-1.4080136,-1.1392388,-1.5207493,0.0,1.5997388
0.0,-1.2097746,0.5251694,-1.1604698,0.12015203,-2.0662556,-1.3085968,0.0,2.0035477
0.0,-0.97998184,-1.1903995,-0.35431254,0.50148267,1.4177825,-1.5725139,0.0,-2.0995085
0.0,-0.9800308,-0.71961164,-0.8915523,1.336483,0.623086,-1.6996162,0.0,-0.69190633
0.0,0.30655652,0.7700528,0.059040703,0.6893658,-1.9888599,1.7459785,0.0,1.8416617
0.0,-0.9643825,-0.874888,-0.37289995,-1.3745047,0.49520966,-1.6587933,0.0,-1.7082151
0.0,-0.9808112,0.6199173,-1.0822681,0.4598993,-2.0077484,-1.5894065,0.0,1.2991849
0.0,2.2096245,0.9363923,1.0653694,-0.18961133,0.84592164,-0.21994214,0.0,-1.152107
0.0,-0.45073968,-1.0663471,-0.98286897,-0.6387665,0.6019584,-1.3549393,0.0,-1.8354865
0.0,-1.093596,0.7201266,0.99492776,1.3795009,1.388904,-0.80781865,0.0,2.165988
0.0,-1.1088767,0.5944787,-1.0602167,-1.4813533,-1.8726555,-1.1304544,0.0,1.8461304
0.0,-0.8673752,0.6286782,-0.98739713,1.09258,1.565712,1.2018495,0.0,1.9419398
0.0,-0.48866066,-1.4694519,-0.43748766,0.46931055,-1.3458228,-0.5982828,0.0,-1.8289211
0.0,1.2183875,0.76743627,0.27807164,-1.5749626,1.406065,1.5506129,0.0,1.3655887
0.0,-1.157217,-0.7402671,-0.73782885,-0.7180835,-1.3676239,1.6609113,0.0,-1.9350344
0.0,1.5614301,0.8123673,-0.8560288,1.1218925,1.0574808,0.2877742,0.0,1.6813972
0.0,1.574496,1.0437859,1.3334093,0.79415214,-1.0564384,0.2764365,0.0,1.6577777
0.0,1.1832005,0.87192345,0.91112745,1.4025123,1.1036459,-1.2311299,0.0,1.7629172
0.0,-1.3863153,0.5063254,-0.9649108,1.1953874,-1.5131246,-1.1783888,0.0,-1.9176241
0.0,-1.3854209,0.5279076,-1.004565,1.3343109,-1.2694583,-1.2490237,0.0,-1.4441739
0.0,-1.230729,0.6096082,-1.1700023,-0.8158229,-2.054297,-1.4723322,0.0,1.0770544
0.0,-1.3863153,0.5063254,-0.959596,1.1893955,-1.5078098,-1.2197808,0.0,-1.88087
0.0,-1.1668389,-1.082766,1.0419012,-1.0710073,-1.5440642,0.6947932,0.0,-1.7078067
0.0,-1.0914356,0.5906005,-1.0549018,-1.4095435,-1.9156855,-1.3661045,0.0,1.654906
0.0,-1.3863153,0.5063254,-0.959596,1.1893955,-1.5078098,-1.2197808,0.0,-1.88087
0.0,0.027635584,0.38210282,0.96645314,-0.46388143,1.5724095,-1.5241784,0.0,2.1252453
0.0,-0.1154491,-1.2140341,-0.32103673,-1.4228766,-1.4927838,-1.3266659,0.0,0.17560978
0.0,1.7992438,-1.061648,-0.022101518,-0.6020162,1.5567596,2.2207017,0.0,0.06593441
0.0,0.2629151,0.71163523,0.7208387,1.2037547,0.39639625,1.929144,0.0,-1.9352893
0.0,-1.1162466,0.6886375,0.98817164,1.3491167,1.3242584,-0.8091898,0.0,2.2566676
0.0,1.4825876,0.93207705,1.2687783,1.2234509,-0.99781156,0.026737384,0.0,1.8071841
0.0,0.014118619,0.80298674,-0.92818487,0.6052551,0.59682035,1.8049773,0.0,2.0518935
0.0,-0.6992512,0.70997083,0.6293134,-1.4047947,1.4677414,1.7074251,0.0,1.8246335
0.0,1.3588051,0.95830953,-0.023933966,0.2344731,1.4436239,-0.85233885,0.0,2.056019
0.0,-0.91902137,0.31975588,1.2604698,-1.5299587,-1.081959,-1.3305516,0.0,-0.5512095
0.0,-1.4324594,0.47453982,1.0524042,1.1487119,-1.4909247,-1.1353818,0.0,-2.1569648
0.0,-1.0223775,-0.9484074,1.2020917,-1.1216726,-1.1831106,-0.97520334,0.0,-1.6740265
0.0,0.16378933,0.788466,-0.86449754,-1.5783647,0.5797164,-1.6769887,0.0,-1.3295387
0.0,-0.48394433,-1.196919,-0.8475301,0.8250019,-1.4382479,-1.2407686,0.0,-1.8021265
0.0,-1.3868321,0.71175444,1.3113561,-1.4508444,-0.9813018,-1.2543308,0.0,-0.7118327
0.0,-1.1154493,0.6066241,0.796188,0.9913203,1.3638293,1.311576,0.0,1.814933
0.0,-0.5853904,-1.430836,-0.50490165,0.51383805,-1.6857922,0.61985207,0.0,-1.4296595
0.0,-1.1891248,0.59970295,0.80964875,1.0890557,1.4255611,0.69858557,0.0,2.0568073
0.0,-1.5620124,0.5535799,-0.9436254,1.1449243,-1.6998641,0.6845954,0.0,-1.8784384
0.0,-0.76483184,-1.2138566,-0.2609465,-0.7896857,-1.4450352,-1.2381461,0.0,-0.5665403
0.0,-1.5458122,0.5081925,-0.9888007,1.2067597,-1.6798244,-0.23898079,0.0,-1.9044149
0.0,-1.1490884,-0.8399779,-0.8566222,0.90888137,-1.5871241,-0.26862574,0.0,-1.854733
0.0,-0.13726418,-1.2214417,-0.9935445,-0.66735137,-1.9596722,0.4145465,0.0,0.4672394
0.0,-1.4667966,0.0011929497,1.1958672,-1.1547755,-1.6866813,0.34333158,0.0,-1.7741112
0.0,-0.5532639,-1.34164,-0.8012292,0.7829811,-1.6399174,0.28495967,0.0,-1.9750316
0.0,-1.0858212,-1.0549314,-0.8847244,1.1291832,0.5503769,-1.5259273,0.0,-1.7910894
0.0,1.5312926,0.80336547,1.0882251,1.1498992,1.3065423,-1.5633388,0.0,-1.7807736
0.0,2.1123047,0.80209637,0.9749922,1.0222132,-1.5169164,1.6099939,0.0,-1.4384497
0.0,-0.5204546,-1.2634661,0.7581727,-1.3501153,-1.4624276,1.9008056,0.0,-1.4356073
0.0,-0.78495634,0.39005244,0.6072127,-1.4205319,1.4684477,1.7436328,0.0,1.9035803
0.0,-0.4635675,-0.90735674,-1.0736288,-0.904117,-2.006394,-1.4800111,0.0,0.88035077
0.0,0.9687134,-1.2731134,-0.5022255,0.936486,0.30553037,-1.6809914,0.0,-1.8943251
0.0,-0.8687638,-1.2462529,0.13260233,-1.2088342,-1.5258887,-0.061808176,0.0,-1.7268459
0.0,-1.3863153,0.565771,-0.9680986,1.0068144,-1.5318259,-1.221152,0.0,-1.9070979
0.0,0.7347463,-1.3550998,-0.39044762,-1.228496,1.3231685,-1.7091368,0.0,-1.4936777
0.0,-1.1769811,0.6096082,-1.1527047,-0.7684856,-2.140929,-1.3521627,0.0,1.733287
0.0,-0.14694318,-1.5006124,-0.22853322,-0.5884912,0.5060653,-1.6065301,0.0,-1.6505226
0.0,1.4592197,0.971315,1.3375841,0.9572846,-1.4990658,-1.1645411,0.0,1.7396206
0.0,-0.5375986,-1.4566134,0.84727365,0.9814031,-0.3827602,-1.4404385,0.0,-2.1308432
0.0,-1.4326721,0.654618,0.94831955,-0.5481149,1.5609715,1.7025585,0.0,-0.5429423
0.0,1.5851082,-0.74631387,-0.121244036,1.3427731,1.4581724,2.1322012,0.0,-0.14127502
0.0,0.33570272,0.97842824,1.3926398,-0.045202468,-1.831308,1.3361628,0.0,1.6094066
0.0,-1.0447123,0.7414011,0.6995557,-1.4201155,1.5228106,1.115559,0.0,2.0266333
0.0,-0.010612164,-1.0236725,0.0026547285,1.5252382,0.83651257,2.3680456,0.0,-1.1832227
0.0,1.2992238,0.5187509,0.7243374,1.1084101,1.2113681,1.4451274,0.0,1.0893553
0.0,1.9270476,-1.2653056,0.048099644,1.3569572,0.059412867,2.260371,0.0,-1.309028
0.0,0.18657582,-0.82575417,-0.043558553,0.8915233,1.4210552,1.939118,0.0,1.9737476
0.0,-0.5811078,-0.7911614,-0.13241476,1.5002899,1.0450605,0.34135288,0.0,2.0645306
0.0,2.3650386,0.6003961,1.2207177,1.3772558,-1.2272682,0.37546813,0.0,-0.7987694
0.0,0.33454105,0.94161046,1.0415847,1.5111197,0.673736,-1.1889838,0.0,2.2594442
0.0,1.0461626,0.89615345,0.002459269,1.1642507,0.65516436,1.2088275,0.0,1.9118427
0.0,1.4517494,-1.0393006,-0.94394326,-0.23136947,-1.2446839,-1.5230837,0.0,-0.34396693
0.0,-1.0561533,0.66001034,-0.34949633,-1.5580031,-1.8991897,-1.264854,0.0,1.9002306
0.0,1.6314815,1.0007005,0.01351015,-1.0647377,0.6652037,0.8112768,0.0,1.552259
0.0,-1.5616632,0.5694796,-0.9986846,-0.25103235,-1.4488449,0.38610426,0.0,-0.71183616
0.0,1.6643175,0.90134406,-0.22099172,0.32683563,1.1506284,0.7991488,0.0,1.3636113
0.0,-0.4776934,-1.452457,-0.48989168,-0.79100823,-1.845084,-0.047661282,0.0,-1.5625079
0.0,-1.0654066,-1.037419,-0.9361338,-0.20288171,1.4051903,-1.0319877,0.0,-2.189631
0.0,-1.064664,-0.8984493,-0.81174177,1.1095048,-1.0548953,-0.833405,0.0,-2.0709896
0.0,-1.053727,-0.99994856,1.219697,-0.89301205,-1.2783271,-0.7435575,0.0,-1.9092737
0.0,-1.0746229,-1.0446161,-0.92722297,0.05245608,1.609439,-1.0209461,0.0,-2.1245236
0.0,1.2730135,0.9401034,0.9312551,1.3836526,0.6881856,-1.1579286,0.0,1.8194599
0.0,1.5295101,0.86996233,-0.55330753,1.4848934,-1.1521735,-1.0896615,0.0,1.8159232
0.0,0.44535872,-1.3430156,-0.7888226,-1.509989,-0.43965068,-1.8242419,0.0,0.10747935
0.0,1.4043773,0.72393787,-0.7442351,-1.4459511,0.98329353,1.8496225,0.0,1.3809593
0.0,-0.64192516,-1.3502281,-0.12566046,-0.7705537,-1.4698251,2.151357,0.0,-1.8198918
0.0,2.0591195,0.38592646,-0.58301884,1.3074352,0.7161564,2.1109555,0.0,0.10877913
0.0,-0.47802147,-1.3580947,-0.23472007,-0.53222287,-1.5097495,-1.3788954,0.0,-0.5452135
0.0,0.8854003,0.82955694,0.9320498,1.387962,1.2512122,-1.1999078,0.0,1.8892813
0.0,-1.0016093,-1.2349498,-0.42318532,0.008209478,-1.8139619,0.6172981,0.0,-1.7334119
0.0,1.323247,0.8539314,0.66620433,1.045814,1.3591878,0.9776052,0.0,1.2092953
0.0,1.6162853,0.270067,-0.24740697,-1.6214963,1.234188,2.0741372,0.0,0.6551391
0.0,0.09614381,0.90812194,1.0818827,-0.44213897,1.4806334,-1.4588274,0.0,2.0620582
0.0,-1.0992773,0.6371536,-0.98911744,1.419443,1.5077653,-1.2719718,0.0,2.2061932
0.0,1.3207765,0.8540673,-0.8814334,1.1927593,1.4047308,-1.477887,0.0,1.7655324
0.0,-0.78797704,-1.2676579,-0.1416273,-1.7629706,0.67037207,-1.3890653,0.0,0.706287
0.0,1.4232394,0.83649373,0.7033563,-1.6242452,0.37982908,1.6909558,0.0,1.2301813
0.0,2.0787745,0.7597723,-0.77482325,-0.54598117,1.1623498,2.0993924,0.0,-0.038577948
0.0,1.862638,-1.3537927,-0.41192898,-1.2538834,-1.5377759,-0.48723102,0.0,-1.3829383
0.0,1.476156,0.8806627,-1.0364077,-0.48384607,1.5796764,0.09135744,0.0,1.815117
0.0,-0.21431059,0.87282944,1.2406161,0.5703923,1.708396,-0.0007261131,0.0,-1.5765225
0.0,1.0407907,-1.2218649,-0.49156573,-0.5175761,-1.5415437,-1.1978949,0.0,-1.0577459
0.0,-1.4576212,0.7131138,1.3841138,-0.13310057,-1.4433489,-1.0815592,0.0,-1.9756571
0.0,1.3461441,0.8924533,-0.9024892,-0.536498,1.5260538,-1.5109198,0.0,1.7633497
0.0,1.986392,-0.8228979,-0.05057105,0.3824853,0.61266744,2.400899,0.0,0.1277362
0.0,1.6598861,-1.2341331,0.71440715,-0.2714931,1.5607558,1.9831675,0.0,0.091798276
0.0,-1.1435311,0.50221616,-0.82372224,1.049151,1.5152254,1.5496124,0.0,1.8473635
0.0,0.0043967366,0.7061049,0.7302095,-1.5693797,1.3580499,1.5683482,0.0,1.8939272
0.0,1.3502517,-1.21358,-0.050406825,0.1618238,1.1559732,0.4129377,0.0,1.6796933
0.0,-1.3579754,0.54113615,-1.0908395,-1.5448835,1.5083467,0.0711511,0.0,-0.8786951
0.0,-0.6089293,-1.521224,0.16342919,0.53932786,-1.67431,0.10437458,0.0,-1.3756703
0.0,2.0410237,0.8028822,1.0662929,-1.3142153,1.2904512,0.8260684,0.0,-1.4159441
0.0,0.01946917,1.0098864,-0.007084012,0.30360657,-0.18827859,0.60457784,0.0,2.3726645
0.0,-1.0613385,-0.71883243,-0.97751707,-0.18674731,1.4512521,-1.5338799,0.0,-1.812976
0.0,-0.92331076,0.65504706,-0.9751698,-1.428965,-1.7094654,-1.5270451,0.0,0.56116074
0.0,-0.1537759,-1.4285703,-0.42890796,-0.76756406,-1.2838272,-1.0578786,0.0,-1.5507287
0.0,0.71734387,-1.1372805,-0.65194166,1.0778472,-1.1973547,-1.3876791,0.0,-1.8942668
0.0,-1.1417024,0.40369526,-0.8667457,-1.666843,1.0465535,-1.7043482,0.0,0.63539374
0.0,-0.4092183,-1.2008662,-0.76795506,-0.7609106,-2.4570332,0.021053288,0.0,1.6481282
0.0,1.0306913,0.8772141,0.99889994,1.2781714,0.81271714,0.5046459,0.0,1.5571576
0.0,1.7710032,0.77054596,1.1352669,1.2727773,-1.4073036,-0.7550214,0.0,0.68599284
0.0,-1.031533,-0.81636107,-0.7632239,1.3404951,-1.1568311,-1.1724256,0.0,-1.9608582
0.0,0.72774494,-1.3086599,0.7194495,1.0879983,0.81380135,2.255965,0.0,-1.274088
0.0,1.3745979,0.9427346,0.92174184,-1.783446,0.64151454,0.064698935,0.0,1.7007253
0.0,-1.3169441,0.6791971,1.1234357,1.3316064,-0.24459825,-0.023587512,0.0,2.294758
0.0,-1.1435386,0.70841885,0.84976864,-0.15314758,0.9010982,1.5510298,0.0,2.1626925
0.0,-1.490544,0.03188375,-0.8299599,-0.64582074,-1.4798286,2.023229,0.0,-1.4892098
0.0,0.39203086,0.6964638,0.8195356,1.1299444,1.219665,1.292182,0.0,1.6674896
0.0,0.839095,-1.4787781,-0.5077281,-0.28014165,-1.6281854,-0.72219896,0.0,-1.7854624
0.0,1.3689384,0.97590065,0.9373105,0.233424,1.3150353,-0.2298246,0.0,1.8599353
0.0,-0.054492522,-1.5200025,-0.28936064,0.5631969,0.5613781,-1.3608626,0.0,-2.1959724
0.0,0.20615417,0.9102961,-0.12851703,1.5427772,1.5035005,-1.1069124,0.0,2.3590586
0.0,-0.20552334,0.88268435,-0.54869914,-1.598214,-1.1413331,-1.3062315,0.0,-0.75112194
0.0,-0.95274353,-1.1151167,-0.6961911,1.0264206,-1.8468006,0.53663534,0.0,-1.804196
0.0,0.04119278,-1.3924663,-0.7769872,-0.78958344,-1.6210624,0.6516905,0.0,-1.6352998
0.0,2.049508,0.96008754,0.29235798,1.162568,-1.8831056,0.9177512,0.0,0.12632267
0.0,1.4164616,0.88027275,1.0090761,1.0355884,-1.0127963,1.3387272,0.0,1.3019769
0.0,0.94909567,-0.67621666,-0.44425592,1.4853505,-0.09193382,2.358306,0.0,-0.20950332
0.0,0.9034436,-0.98269343,-0.6370595,-1.1879005,-1.7011813,2.1212022,0.0,-1.2959325
0.0,1.341572,0.49048236,1.1226406,1.1981446,-1.7691991,1.2268486,0.0,1.2729099
0.0,-1.4227158,0.51098657,-0.9649108,1.2007468,-1.5169615,-0.93808085,0.0,-1.9704441
0.0,-1.0203727,-1.032886,-0.19810429,-0.08357954,0.62332916,-1.4931073,0.0,-1.9007096
0.0,-0.46697006,-1.5322696,-0.3716049,1.0546997,0.11009324,-1.5699612,0.0,-1.5343089
0.0,0.15797354,-1.392627,-0.29820913,-0.2811592,-1.3437256,-1.3026992,0.0,-1.3179561
0.0,-0.98700964,-0.7654277,-0.33815452,-1.2688116,1.4396353,-1.552113,0.0,-1.8157431
0.0,0.0055345744,-1.5209316,-0.88981324,-0.97687745,-0.505234,-1.6496094,0.0,1.8029041
0.0,0.81755567,-0.893811,-0.2414196,1.1523653,1.5946643,2.344908,0.0,0.15802544
